timestamp,ticker,action,qty,entry_price,exit_price,pl_usd,pl_pct,confidence,reason
2026-07-29 01:24:19,SMH,VENTE_STOP_LOSS,7.929481269,531.49,523.0,-67.321296,-1.5970000000000002,0.0,Stop-Loss -1.2%
2026-07-29 01:44:14,USO,VENTE_STOP_SUIVEUR,17.613696588,120.760568,125.3,79.956177,3.759,0.0,Stop Suiveur Réactif (Sommet +4.31%)
2026-07-29 02:00:03,MSTR,VENTE_STOP_SUIVEUR,25.213854795,96.14,96.06,-2.017108,-0.083,0.0,Stop Suiveur Réactif (Sommet +0.84%)
2026-07-29 02:24:25,TSM,VENTE_STOP_SUIVEUR,8.846146008,392.58,396.68,36.269198,1.044,0.0,Stop Suiveur Réactif (Sommet +1.75%)
2026-07-29 04:13:01,XRPUSD,VENTE_STOP_SUIVEUR,2495.610256768,1.060269328,1.07102,26.829487,1.014,0.0,Stop Suiveur Réactif (Sommet +1.77%)
2026-07-29 04:56:40,SLV,VENTE_STOP_SUIVEUR,65.953735965,51.66,52.12,30.338718,0.89,0.0,Stop Suiveur Réactif (Sommet +1.41%)
2026-07-29 05:55:24,TSLA,VENTE_STOP_LOSS,8.316679702,306.84,303.0,-31.93605,-1.2510000000000001,0.0,Stop-Loss -1.2%
2026-07-29 07:02:00,XOM,VENTE_STOP_SUIVEUR,16.046194943,153.48,154.77,20.699591,0.8410000000000001,0.0,Stop Suiveur Réactif (Sommet +1.38%)
2026-07-29 08:01:28,XRPUSD,VENTE_STOP_SUIVEUR,2491.774085332,1.073363784,1.083,24.011273,0.898,0.0,Stop Suiveur Réactif (Sommet +1.41%)
2026-07-29 08:52:48,ADAUSD,VENTE_STOP_SUIVEUR,14832.774627118,0.16306,0.1637,9.492975,0.392,0.0,Stop Suiveur Réactif (Sommet +1.07%)
2026-07-29 11:02:39,TSM,VENTE_STOP_LOSS,8.846146008,392.58,386.8,-51.130724,-1.472,0.0,Stop-Loss -1.2%
2026-07-29 12:49:49,SLV,VENTE_STOP_SUIVEUR,65.953735965,51.807841,51.95,9.375917,0.27399999999999997,0.0,Stop Suiveur Réactif (Sommet +1.03%)
2026-07-29 12:51:23,MSTR,VENTE_STOP_SUIVEUR,25.213854795,96.669807,97.8,28.496522,1.169,0.0,Stop Suiveur Réactif (Sommet +1.72%)
2026-07-29 14:32:07,TSM,VENTE_STOP_LOSS,8.846146008,392.58,387.7,-43.169193,-1.243,0.0,Stop-Loss -1.2%
2026-07-29 14:32:07,URA,VENTE_STOP_LOSS,56.17242268,38.815409,38.3,-28.951772,-1.328,0.0,Stop-Loss -1.2%
2026-07-29 14:37:32,USO,VENTE_STOP_SUIVEUR,17.613696588,119.913774,128.28,147.360166,6.977,0.0,Stop Suiveur Réactif (Sommet +7.48%)
2026-07-29 15:18:14,USO,VENTE_STOP_SUIVEUR,17.613696588,119.913774,128.25,146.831755,6.952,0.0,Stop Suiveur Réactif (Sommet +7.69%)
2026-07-29 15:30:22,TSM,VENTE_STOP_LOSS,8.846146008,392.58,387.63,-43.788423,-1.261,0.0,Stop-Loss -1.2%
2026-07-29 15:30:24,TSLA,VENTE_STOP_SUIVEUR,8.316679702,305.285703,307.135,15.380011,0.606,0.0,Stop Suiveur Réactif (Sommet +1.14%)
2026-07-29 15:38:30,VKTX,VENTE_STOP_LOSS,137.871331159,33.796947,33.39,-56.106325,-1.204,0.0,Stop-Loss -1.2%
2026-07-29 15:41:21,SOUN,VENTE_STOP_LOSS,682.79326923,6.24,6.165,-51.209495,-1.202,0.0,Stop-Loss -1.2%
2026-07-29 15:54:28,PLTR,VENTE_STOP_LOSS,36.612481974,124.82,123.3,-55.650973,-1.218,0.0,Stop-Loss -1.2%
2026-07-29 15:54:28,SMH,VENTE_STOP_LOSS,19.198764219,529.233542,519.95,-178.232534,-1.754,0.0,Stop-Loss -1.2%
2026-07-29 15:54:28,TSM,VENTE_STOP_LOSS,18.177001127,390.28,383.54,-122.512988,-1.727,0.0,Stop-Loss -1.2%
2026-07-29 15:54:28,XRPUSD,VENTE_STOP_LOSS,2327.437974894,1.08419975,1.07,-33.049038,-1.31,0.0,Stop-Loss -1.2%
2026-07-29 15:55:26,NVDA,VENTE_STOP_LOSS,27.108604674,195.834129,193.47,-64.088239,-1.207,0.0,Stop-Loss -1.2%
2026-07-29 18:05:41,ARM,VENTE_STOP_LOSS,8.651972659,231.16,228.1,-26.475036,-1.324,0.0,Stop-Loss Dynamique -1.2%
2026-07-29 18:05:41,SMCI,VENTE_STOP_LOSS,130.840747663,26.75,26.42,-43.177447,-1.234,0.0,Stop-Loss Dynamique -1.2%
2026-07-29 18:05:41,URA,VENTE_STOP_LOSS,52.937797776,37.78,37.29,-25.939521,-1.2970000000000002,0.0,Stop-Loss Dynamique -1.2%
2026-07-29 18:34:26,AMD,VENTE_STOP_SUIVEUR,8.242084696,424.648633,428.811,34.306582,0.98,0.0,Stop Suiveur Réactif (Sommet +1.51%)
2026-07-29 19:30:02,TSM,VENTE_STOP_SUIVEUR,13.265035948,376.93,378.77,24.407666,0.488,0.0,Stop Suiveur Réactif (Sommet +0.99%)
2026-07-29 20:03:44,SMH,VENTE_STOP_SUIVEUR,3.90785283,511.787441,517.88,23.808824,1.1900000000000002,0.0,Stop Suiveur Réactif (Sommet +1.69%)
2026-07-29 20:05:36,TAN,VENTE_STOP_SUIVEUR,41.727310661,47.93,48.54,25.453659,1.273,0.0,Stop Suiveur Réactif (Sommet +1.79%)
2026-07-29 20:48:30,XRPUSD,VENTE_STOP_SUIVEUR,4582.667181211,1.066481046,1.08256,73.684495,1.508,0.0,Stop Suiveur Réactif (Sommet +2.02%)
2026-07-29 21:04:46,NVDA,VENTE_STOP_SUIVEUR,18.178933153,192.53,195.35,51.264591,1.465,0.0,Stop Suiveur Réactif (Sommet +1.97%)
2026-07-29 21:19:32,AVAXUSD,VENTE_STOP_SUIVEUR,305.463431662,6.395363305,6.4065,3.401853,0.174,0.0,Stop Suiveur Réactif (Sommet +1.07%)
2026-07-29 21:44:44,SOUN,VENTE_STOP_LOSS,863.55613126,5.79,5.72,-60.448929,-1.209,0.0,Stop-Loss Dynamique -1.2%
2026-07-29 21:50:45,ARM,VENTE_STOP_LOSS,4.30733115,232.16,224.04,-34.975529,-3.4979999999999998,0.0,Stop-Loss Dynamique -1.2%
2026-07-29 21:50:45,NVDA,VENTE_STOP_LOSS,17.959267429,194.884898,191.67,-57.737213,-1.6500000000000001,0.0,Stop-Loss Dynamique -1.2%
2026-07-29 21:50:45,SMCI,VENTE_STOP_LOSS,74.64949608,26.791741,25.8976,-66.747175,-3.3369999999999997,0.0,Stop-Loss Dynamique -1.2%
2026-07-29 21:50:45,SMH,VENTE_STOP_LOSS,6.743578379,519.010799,509.33,-65.283227,-1.865,0.0,Stop-Loss Dynamique -1.2%
2026-07-29 21:50:45,TAN,VENTE_STOP_LOSS,71.809396799,48.74,47.75,-71.091303,-2.031,0.0,Stop-Loss Dynamique -1.2%
2026-07-29 21:55:55,TSM,VENTE_STOP_LOSS,9.214622331,379.83,374.63,-47.916036,-1.369,0.0,Stop-Loss Dynamique -1.2%
2026-07-29 21:58:02,AMD,VENTE_STOP_SUIVEUR,2.338993754,427.53,429.74,5.169176,0.517,0.0,Stop Suiveur Réactif (Sommet +1.38%)
2026-07-29 22:27:40,VKTX,VENTE_STOP_SUIVEUR,151.239866908,33.06,33.26,30.247973,0.605,0.0,Stop Suiveur Réactif (Sommet +2.54%)
2026-07-29 22:51:34,IONQ,VENTE_STOP_SUIVEUR,156.893316598,31.868725,32.1164,38.858552,0.777,0.0,Stop Suiveur Réactif (Sommet +1.29%)
